Date;Close;Open;High;Low
2022-07-04;1,0423;1,0426;1,0464;1,0417
2022-07-05;1,0267;1,0422;1,045;1,0235
2022-07-06;1,0183;1,0268;1,0277;1,0162
2022-07-07;1,0163;1,0185;1,0222;1,0144
2022-07-08;1,0188;1,0164;1,0193;1,0073
2022-07-10;1,0182;1,0186;1,0186;1,0172
2022-07-11;1,0038;1,0183;1,0184;1,0034
2022-07-12;1,0035;1,0039;1,0075;0,9999
2022-07-13;1,0061;1,0034;1,0123;0,9998
2022-07-14;1,0019;1,0061;1,0063;0,9952
2022-07-15;1,0082;1,002;1,01;1,0007
2022-07-17;1,0083;1,0089;1,0089;1,008
2022-07-18;1,0147;1,0081;1,0202;1,0079
2022-07-19;1,0231;1,0148;1,027;1,012
2022-07-20;1,0179;1,0232;1,0274;1,0156
2022-07-21;1,023;1,0181;1,0279;1,0154
2022-07-22;1,0213;1,0229;1,0256;1,013
2022-07-24;1,0218;1,0215;1,0219;1,021
2022-07-25;1,0224;1,0217;1,0259;1,018
2022-07-26;1,0118;1,0223;1,0251;1,0108
2022-07-27;1,0201;1,0119;1,0222;1,0097
2022-07-28;1,0195;1,0203;1,0236;1,0114
2022-07-29;1,0228;1,0196;1,0255;1,0146
2022-07-30;1,0227;1,0227;1,0227;1,0227
2022-07-31;1,0222;1,0221;1,0223;1,0216
2022-08-01;1,0263;1,0221;1,0277;1,0206
2022-08-02;1,0165;1,0261;1,0294;1,0163
2022-08-03;1,0171;1,0166;1,0211;1,0123
2022-08-04;1,025;1,017;1,0255;1,0155
2022-08-05;1,0184;1,0251;1,0254;1,0142
2022-08-06;1,0182;1,0182;1,0182;1,0182
2022-08-07;1,0181;1,0182;1,0184;1,0175
2022-08-08;1,0195;1,0174;1,0224;1,016
2022-08-09;1,0214;1,0194;1,0249;1,0189
2022-08-10;1,0303;1,0216;1,0369;1,0202
2022-08-11;1,0323;1,0302;1,0366;1,0276
2022-08-12;1,0264;1,0324;1,033;1,0239
2022-08-13;1,026;1,026;1,026;1,026
2022-08-14;1,0259;1,026;1,0268;1,0259
2022-08-15;1,0164;1,026;1,027;1,0152
2022-08-16;1,017;1,0165;1,0195;1,0123
2022-08-17;1,0179;1,0169;1,0204;1,0146
2022-08-18;1,009;1,0178;1,0195;1,008
2022-08-19;1,004;1,0091;1,013;1,0032
2022-08-20;1,0039;1,0039;1,0039;1,0039
2022-08-21;1,004;1,0037;1,0042;1,0036
2022-08-22;0,9945;1,0035;1,0048;0,9926
2022-08-23;0,9971;0,9947;1,0018;0,9901
2022-08-24;0,9968;0,997;1;0,9911
2022-08-25;0,9977;0,9969;1,0035;0,9949
2022-08-26;0,9965;0,9976;1,009;0,9947
2022-08-27;0,9963;0,9963;0,9963;0,9963
2022-08-28;0,9961;0,9964;0,9987;0,996
2022-08-29;0,9998;0,9953;1,003;0,9914
2022-08-30;1,0018;0,9999;1,0054;0,9982
2022-08-31;1,0054;1,0019;1,008;0,9972
2022-09-01;0,9945;1,0053;1,0057;0,9911
2022-09-02;0,9954;0,9947;1,0036;0,9943
2022-09-03;0,9952;0,9952;0,9952;0,9952
2022-09-04;0,9931;0,9953;0,9953;0,9924
2022-09-05;0,9931;0,9927;0,9946;0,9878
2022-09-06;0,9907;0,993;0,9988;0,9864
2022-09-07;1,001;0,9906;1,0012;0,9875
2022-09-08;1,0001;1,0011;1,0034;0,9931
2022-09-09;1,0152;1;1,0152;0,9997
2022-09-10;1,0041;1,0041;1,0041;1,0041
2022-09-11;1,0091;1,0042;1,0123;0,9951
2022-09-12;1,0121;1,0086;1,0199;1,006
2022-09-13;0,9967;1,0122;1,0188;0,9964
2022-09-14;0,9981;0,9968;1,0025;0,9956
2022-09-15;0,9997;0,998;1,0019;0,9956
2022-09-16;1,0018;0,9998;1,0037;0,9945
2022-09-18;1,0013;1,0017;1,0018;1,0012
2022-09-19;1,0027;1,0008;1,0031;0,9965
2022-09-20;0,9968;1,0029;1,0052;0,9953
2022-09-21;0,9838;0,997;0,9976;0,9813
2022-09-22;0,9836;0,9842;0,9909;0,9807
2022-09-23;0,9693;0,9835;0,9854;0,9666
2022-09-24;0,969;0,969;0,9693;0,969
2022-09-25;0,9675;0,9685;0,9699;0,9665
2022-09-26;0,961;0,9671;0,971;0,9554
2022-09-27;0,9597;0,9611;0,967;0,9567
2022-09-28;0,9736;0,9598;0,9752;0,9534
2022-09-29;0,9821;0,9737;0,9826;0,9634
2022-09-30;0,9803;0,982;0,9854;0,9733
2022-10-01;0,9802;0,9802;0,9802;0,9799
2022-10-02;0,9797;0,9802;0,9808;0,9778
2022-10-03;0,9824;0,9798;0,9846;0,9751
2022-10-04;0,9984;0,9825;1,0001;0,9804
2022-10-05;0,9883;0,9986;0,9996;0,9835
2022-10-06;0,9794;0,9882;0,9928;0,9786
2022-10-07;0,9739;0,9793;0,9818;0,9727
2022-10-08;0,9742;0,9742;0,9742;0,9742
2022-10-09;0,9738;0,9743;0,9743;0,9734
2022-10-10;0,9706;0,973;0,9754;0,9682
2022-10-11;0,9706;0,9705;0,9776;0,9672
2022-10-12;0,9705;0,9705;0,9735;0,9668
2022-10-13;0,978;0,9705;0,9808;0,963
2022-10-14;0,9722;0,9778;0,981;0,9708
2022-10-15;0,9721;0,9721;0,9721;0,9721
2022-10-16;0,9725;0,9725;0,9726;0,972
2022-10-17;0,9842;0,9735;0,9854;0,9722
2022-10-18;0,986;0,9843;0,9877;0,9813
2022-10-19;0,9775;0,9859;0,9874;0,9758
2022-10-20;0,9782;0,9774;0,9847;0,9755
2022-10-21;0,9862;0,9784;0,987;0,9705
2022-10-22;0,986;0,986;0,986;0,986
2022-10-23;0,9884;0,9862;0,9884;0,9862
2022-10-24;0,9875;0,9898;0,9899;0,9807
2022-10-25;0,9968;0,9873;0,9979;0,9849
2022-10-26;1,0081;0,997;1,009;0,9944
2022-10-27;0,9965;1,008;1,0096;0,9958
2022-10-28;0,9966;0,9963;1;0,9927
2022-10-29;0,9966;0,9966;0,9966;0,9966
2022-10-30;0,996;0,9945;0,9964;0,9939
2022-10-31;0,9885;0,9958;0,9967;0,9873
2022-11-01;0,9876;0,9885;0,9954;0,9853
2022-11-02;0,9817;0,9875;0,9977;0,9812
2022-11-03;0,9749;0,9816;0,9841;0,973
2022-11-04;0,9907;0,9749;0,9984;0,9747
2022-11-05;0,996;0,996;0,996;0,996
2022-11-06;0,9927;0,991;0,9934;0,99
2022-11-07;1,0019;0,9924;1,0035;0,9918
2022-11-08;1,0077;1,002;1,0098;0,9973
2022-11-09;1,0013;1,0074;1,0089;0,9993
2022-11-10;1,02;1,0012;1,0222;0,9923
2022-11-11;1,0347;1,0199;1,0366;1,0163
2022-11-13;1,032;1,0354;1,0363;1,0313
2022-11-14;1,0327;1,0321;1,036;1,0271
2022-11-15;1,0347;1,0326;1,0482;1,028
2022-11-16;1,0396;1,0349;1,044;1,0331
2022-11-17;1,0365;1,0394;1,0407;1,0306
2022-11-18;1,0326;1,0364;1,0397;1,0314
2022-11-19;1,0322;1,0322;1,0322;1,0322
2022-11-20;1,0325;1,0325;1,0325;1,0318
2022-11-21;1,0245;1,0329;1,0335;1,0223
2022-11-22;1,0304;1,0244;1,0309;1,024
2022-11-23;1,0398;1,0304;1,0406;1,0297
2022-11-24;1,0409;1,04;1,045;1,0382
2022-11-25;1,04;1,041;1,0431;1,0355
2022-11-26;1,0396;1,0396;1,0396;1,0396
2022-11-27;1,0379;1,0396;1,0396;1,0366
2022-11-28;1,0343;1,0379;1,0498;1,0331
2022-11-29;1,0328;1,0344;1,0396;1,032
2022-11-30;1,0404;1,0328;1,043;1,029
2022-12-01;1,0524;1,0404;1,0535;1,0393
2022-12-02;1,0537;1,0523;1,0547;1,0429
2022-12-03;1,054;1,054;1,054;1,054
2022-12-04;1,0539;1,0505;1,054;1,0505
2022-12-05;1,0494;1,0538;1,0596;1,0478
2022-12-06;1,0469;1,0495;1,0535;1,0459
2022-12-07;1,0508;1,0467;1,0551;1,0444
2022-12-08;1,056;1,0508;1,0565;1,0488
2022-12-09;1,0534;1,0559;1,059;1,0504
2022-12-11;1,0533;1,0527;1,0539;1,0527
2022-12-12;1,0537;1,0526;1,0582;1,0506
2022-12-13;1,0633;1,0538;1,0675;1,0528
2022-12-14;1,0684;1,0634;1,0696;1,0619
2022-12-15;1,063;1,0681;1,0736;1,0593
2022-12-16;1,0587;1,0632;1,0664;1,0585
2022-12-18;1,0593;1,0584;1,0597;1,0584
2022-12-19;1,0607;1,0592;1,066;1,0576
2022-12-20;1,0627;1,0607;1,066;1,0579
2022-12-21;1,0607;1,0625;1,0648;1,0591
2022-12-22;1,0599;1,0608;1,0662;1,0573
2022-12-23;1,0618;1,06;1,0634;1,0587
2022-12-25;1,0617;1,0616;1,0617;1,0612
2022-12-26;1,0638;1,0617;1,0646;1,0605
2022-12-27;1,0643;1,0636;1,0672;1,0612
2022-12-28;1,0614;1,0644;1,0676;1,0607
2022-12-29;1,0663;1,0614;1,0693;1,0611
2022-12-30;1,0703;1,0664;1,0716;1,0639
2023-01-02;1,0666;1,0687;1,0712;1,0651
2023-01-03;1,055;1,0667;1,0685;1,0519
2023-01-04;1,0612;1,0549;1,0636;1,0541
2023-01-05;1,052;1,0612;1,0634;1,0515
2023-01-06;1,0644;1,0521;1,065;1,0484
2023-01-08;1,064;1,0646;1,0646;1,0637
2023-01-09;1,0734;1,0646;1,0763;1,0644
2023-01-10;1,0735;1,0733;1,076;1,0712
2023-01-11;1,0759;1,0736;1,0778;1,0726
2023-01-12;1,085;1,0757;1,0867;1,0709
2023-01-13;1,0833;1,0849;1,087;1,0781
2023-01-14;1,0831;1,0831;1,0831;1,0831
2023-01-15;1,0834;1,0834;1,0834;1,0832
2023-01-16;1,0824;1,0829;1,0877;1,0802
2023-01-17;1,0794;1,0823;1,0871;1,0774
2023-01-18;1,0794;1,0793;1,0888;1,0767
2023-01-19;1,0833;1,0795;1,0842;1,0779
2023-01-20;1,0857;1,0832;1,0862;1,0802
2023-01-22;1,0865;1,0858;1,0874;1,0858
2023-01-23;1,0874;1,0863;1,0928;1,0846
2023-01-24;1,0887;1,0873;1,0899;1,0835
2023-01-25;1,0918;1,0886;1,0925;1,0857
2023-01-26;1,0889;1,0917;1,0931;1,0851
2023-01-27;1,0871;1,0889;1,0902;1,0838
2023-01-28;1,0869;1,0869;1,0869;1,0869
2023-01-30;1,0852;1,0873;1,0916;1,0839
2023-01-31;1,0864;1,0855;1,0877;1,0802
2023-02-01;1,0992;1,0863;1,1002;1,0852
2023-02-02;1,0911;1,0989;1,1036;1,0886
2023-02-03;1,0795;1,091;1,0942;1,0793
2023-02-06;1,0729;1,0788;1,0802;1,071
2023-02-07;1,0731;1,073;1,0768;1,0669
2023-02-08;1,0715;1,073;1,0763;1,071
2023-02-09;1,0742;1,0713;1,0793;1,071
2023-02-10;1,0678;1,0741;1,0755;1,0666
2023-02-13;1,0725;1,0673;1,0732;1,0656
2023-02-14;1,0735;1,0724;1,0807;1,0707
2023-02-15;1,0688;1,0737;1,0746;1,0661
2023-02-16;1,0672;1,0689;1,0724;1,0655
2023-02-17;1,072;1,0671;1,072;1,0613
2023-02-18;1,0716;1,0721;1,0722;1,0708
2023-02-19;1,0693;1,068;1,0702;1,068
2023-02-20;1,0686;1,0693;1,0706;1,0666
2023-02-21;1,0649;1,0686;1,0699;1,0638
2023-02-22;1,0607;1,0649;1,0666;1,0599
2023-02-23;1,0597;1,0611;1,063;1,0577
2023-02-24;1,0549;1,0596;1,0616;1,0536
2023-02-27;1,0606;1,0548;1,0621;1,0533
2023-02-28;1,0579;1,06;1,0646;1,0574
2023-03-01;1,067;1,0578;1,0694;1,0565
2023-03-02;1,0597;1,0671;1,0676;1,0577
2023-03-03;1,0636;1,0599;1,064;1,0589
2023-03-06;1,0682;1,0627;1,0697;1,0622
2023-03-07;1,055;1,0683;1,0697;1,0545
2023-03-08;1,0544;1,0553;1,0577;1,0524
2023-03-09;1,0584;1,0546;1,0593;1,0538
2023-03-10;1,0643;1,0585;1,0703;1,0574
2023-03-13;1,0731;1,0688;1,0753;1,065
2023-03-14;1,0733;1,0728;1,0751;1,0679
2023-03-15;1,058;1,0732;1,0762;1,0516
2023-03-16;1,0612;1,0581;1,0638;1,0551
2023-03-17;1,078;1,0612;1,0781;1,0612
2023-03-20;1,0723;1,0673;1,0734;1,0631
2023-03-21;1,0771;1,0722;1,0791;1,0704
2023-03-22;1,086;1,0771;1,0914;1,0759
2023-03-23;1,0833;1,0858;1,0931;1,0825
2023-03-24;1,0762;1,0831;1,0839;1,0713
2023-03-27;1,0798;1,0768;1,0804;1,0745
2023-03-28;1,0846;1,0797;1,0851;1,0793
2023-03-29;1,0845;1,0845;1,0874;1,0818
2023-03-30;1,0909;1,0844;1,0927;1,0824
2023-03-31;1,0871;1,0907;1,0928;1,0837
2023-04-03;1,0904;1,0839;1,0917;1,0788
2023-04-04;1,0957;1,0905;1,0976;1,0883
2023-04-05;1,0908;1,0956;1,0971;1,0891
2023-04-06;1,0919;1,0909;1,094;1,0885
2023-04-07;1,0998;1,092;1,0998;1,0877
2023-04-10;1,0862;1,0908;1,0923;1,0832
2023-04-11;1,0914;1,086;1,0931;1,086
2023-04-12;1,0999;1,0915;1,1005;1,0907
2023-04-13;1,1047;1,0994;1,107;1,0977
2023-04-14;1,1096;1,1048;1,1097;1,0972
2023-04-17;1,0927;1,0991;1,1003;1,0909
2023-04-18;1,0973;1,0928;1,0986;1,0922
2023-04-19;1,0956;1,0971;1,0986;1,0917
2023-04-20;1,0972;1,0955;1,0992;1,0934
2023-04-21;1,1091;1,0973;1,1094;1,0939
2023-04-24;1,1047;1,099;1,1053;1,0966
2023-04-25;1,0976;1,1046;1,1069;1,0964
2023-04-26;1,1044;1,0975;1,1096;1,0969
2023-04-27;1,1027;1,1042;1,1066;1,0992
2023-04-28;1,1131;1,1026;1,1131;1,0963
2023-05-01;1,0974;1,1014;1,1039;1,0964
2023-05-02;1,1002;1,0975;1,101;1,0942
2023-05-03;1,1067;1,1002;1,1093;1,1001
2023-05-04;1,1015;1,1066;1,1096;1,0986
2023-05-05;1,1127;1,1016;1,1127;1,0967
2023-05-08;1,1007;1,1022;1,1056;1,1
2023-05-09;1,0966;1,1006;1,1008;1,0941
2023-05-10;1,0984;1,0965;1,1008;1,0942
2023-05-11;1,092;1,0983;1,1;1,09
2023-05-12;1,093;1,0919;1,0938;1,0846
2023-05-15;1,0876;1,0847;1,0894;1,0846
2023-05-16;1,0864;1,0875;1,0906;1,0855
2023-05-17;1,0842;1,0863;1,0876;1,081
2023-05-18;1,0773;1,0842;1,085;1,0763
2023-05-19;1,0825;1,0772;1,0832;1,076
2023-05-22;1,0814;1,081;1,0833;1,0796
2023-05-23;1,0774;1,0815;1,0823;1,076
2023-05-24;1,0754;1,0775;1,0804;1,0748
2023-05-25;1,0728;1,0753;1,076;1,0707
2023-05-26;1,0731;1,0728;1,076;1,0702
2023-05-29;1,0711;1,0724;1,0746;1,0706
2023-05-30;1,0735;1,0712;1,0749;1,0673
2023-05-31;1,0689;1,0734;1,0738;1,0635
2023-06-01;1,0762;1,0687;1,0773;1,0662
2023-06-02;1,0728;1,0764;1,078;1,0705
2023-06-05;1,0712;1,0705;1,0724;1,0675
2023-06-06;1,0697;1,0713;1,0734;1,0667
2023-06-07;1,0699;1,0696;1,0741;1,0669
2023-06-08;1,0785;1,07;1,0788;1,0697
2023-06-09;1,0765;1,0784;1,0789;1,0743
2023-06-12;1,0759;1,0748;1,0793;1,0733
2023-06-13;1,0792;1,076;1,0825;1,0757
2023-06-14;1,0834;1,0793;1,0866;1,0774
2023-06-15;1,0944;1,0833;1,0958;1,0804
2023-06-16;1,0968;1,0946;1,0973;1,0918
2023-06-19;1,0923;1,0938;1,0949;1,0907
2023-06-20;1,0922;1,0924;1,0949;1,0892
2023-06-21;1,0984;1,0923;1,1009;1,0906
2023-06-22;1,0959;1,0987;1,1013;1,0949
2023-06-23;1,0937;1,0958;1,0961;1,0845
2023-06-26;1,0909;1,0903;1,0943;1,0888
2023-06-27;1,0963;1,0908;1,0979;1,0902
2023-06-28;1,0916;1,0962;1,0968;1,0897
2023-06-29;1,0869;1,0916;1,0943;1,086
2023-06-30;1,0924;1,0865;1,0934;1,0835
2023-07-03;1,0916;1,0911;1,0934;1,0871
2023-07-04;1,0884;1,0917;1,0923;1,0873
2023-07-05;1,0858;1,0881;1,091;1,0851
2023-07-06;1,0889;1,0857;1,0902;1,0834
2023-07-07;1,0979;1,0889;1,0981;1,0867
2023-07-10;1,1001;1,0966;1,1011;1,0944
2023-07-11;1,1009;1,1002;1,1028;1,0977
2023-07-12;1,113;1,101;1,1142;1,1006
2023-07-13;1,1223;1,1131;1,1232;1,1128
2023-07-14;1,125;1,1225;1,125;1,1204
2023-07-17;1,1241;1,1229;1,1252;1,1204
2023-07-18;1,1233;1,1238;1,1277;1,1209
2023-07-19;1,1204;1,1231;1,1242;1,1174
2023-07-20;1,1135;1,1202;1,1231;1,1119
2023-07-21;1,1136;1,1138;1,1147;1,1108
2023-07-24;1,1067;1,113;1,1149;1,106
2023-07-25;1,1059;1,1068;1,1089;1,1014
2023-07-26;1,1089;1,1058;1,1109;1,1038
2023-07-27;1,0979;1,1088;1,1153;1,0966
2023-07-28;1,1015;1,0978;1,1048;1,0944
2023-07-31;1,1001;1,1023;1,1048;1,0994
2023-08-01;1,1015;1,1;1,1015;1,0952
2023-08-02;1,094;1,1013;1,1022;1,0914
2023-08-03;1,0949;1,0942;1,0964;1,091
2023-08-04;1,1028;1,0948;1,1043;1,0935
2023-08-07;1,1005;1,1011;1,1015;1,0966
2023-08-08;1,0957;1,1006;1,1013;1,0929
2023-08-09;1,0979;1,096;1,0998;1,0952
2023-08-10;1,0985;1,0975;1,1066;1,0967
2023-08-11;1,0966;1,0983;1,1007;1,0943
2023-08-14;1,0907;1,0946;1,0963;1,0875
2023-08-15;1,0907;1,0908;1,0954;1,0897
2023-08-16;1,0883;1,0905;1,0944;1,0872
2023-08-17;1,0871;1,0882;1,0921;1,0857
2023-08-18;1,0894;1,0872;1,0896;1,0845
2023-08-21;1,0897;1,0875;1,0916;1,087
2023-08-22;1,0848;1,0896;1,0935;1,0833
2023-08-23;1,0863;1,0848;1,0874;1,0803
2023-08-24;1,0817;1,0864;1,088;1,0805
2023-08-25;1,0798;1,0818;1,0843;1,0766
2023-08-28;1,0821;1,0798;1,0825;1,0794
2023-08-29;1,0882;1,082;1,0895;1,0782
2023-08-30;1,0928;1,088;1,0948;1,0856
2023-08-31;1,0842;1,0929;1,0942;1,0835
2023-09-01;1,0785;1,0844;1,0883;1,0772
2023-09-04;1,0796;1,0779;1,0812;1,0775
2023-09-05;1,0724;1,0797;1,0801;1,0707
2023-09-06;1,0725;1,0725;1,0751;1,0703
2023-09-07;1,07;1,0726;1,0734;1,0687
2023-09-08;1,0702;1,0699;1,0746;1,0694
2023-09-11;1,0754;1,071;1,0761;1,0708
2023-09-12;1,0762;1,0753;1,0769;1,0706
2023-09-13;1,0732;1,076;1,0767;1,0712
2023-09-14;1,0646;1,0732;1,0756;1,0632
2023-09-15;1,0676;1,0643;1,069;1,0633
2023-09-18;1,0694;1,0664;1,0701;1,0655
2023-09-19;1,0682;1,0693;1,072;1,0675
2023-09-20;1,0665;1,0681;1,0739;1,065
2023-09-21;1,0661;1,0666;1,0675;1,0617
2023-09-22;1,0654;1,066;1,0674;1,0615
2023-09-25;1,0592;1,0649;1,0656;1,0576
2023-09-26;1,0575;1,0594;1,0612;1,0562
2023-09-27;1,0507;1,0573;1,0577;1,0488
2023-09-28;1,0567;1,0505;1,0581;1,0491
2023-09-29;1,0589;1,0567;1,062;1,0558
2023-10-02;1,048;1,0563;1,0594;1,0476
2023-10-03;1,0467;1,0481;1,0496;1,0448
2023-10-04;1,0507;1,0466;1,0534;1,0451
2023-10-05;1,0552;1,0508;1,0554;1,05
2023-10-06;1,0589;1,0551;1,0603;1,0483
2023-10-09;1,0567;1,056;1,0576;1,052
2023-10-10;1,0607;1,0569;1,0622;1,0554
2023-10-11;1,0622;1,0606;1,0636;1,0582
2023-10-12;1,0531;1,0623;1,0641;1,0526
2023-10-13;1,0514;1,0532;1,0561;1,0496
2023-10-16;1,0559;1,0519;1,0566;1,0516
2023-10-17;1,0577;1,056;1,0597;1,0533
2023-10-18;1,0538;1,0576;1,0596;1,0523
2023-10-19;1,0583;1,0537;1,0617;1,0526
2023-10-20;1,0607;1,0584;1,0627;1,0565
2023-10-23;1,0671;1,0598;1,068;1,057
2023-10-24;1,0593;1,067;1,0697;1,0583
2023-10-25;1,0569;1,0594;1,061;1,0562
2023-10-26;1,0563;1,0567;1,0572;1,0523
2023-10-27;1,0566;1,0562;1,06;1,0535
2023-10-30;1,0617;1,056;1,0627;1,0547
2023-10-31;1,058;1,0616;1,0676;1,0555
2023-11-01;1,0577;1,0581;1,0583;1,0517
2023-11-02;1,0619;1,0577;1,0669;1,0576
2023-11-03;1,0733;1,062;1,0748;1,0615
2023-11-06;1,0723;1,0726;1,0759;1,0716
2023-11-07;1,0701;1,0723;1,0728;1,0664
2023-11-08;1,0711;1,0701;1,0719;1,0659
2023-11-09;1,0671;1,0711;1,0728;1,066
2023-11-10;1,0684;1,0672;1,0696;1,0656
2023-11-13;1,0702;1,069;1,0709;1,0665
2023-11-14;1,088;1,07;1,089;1,0692
2023-11-15;1,0848;1,0881;1,0888;1,0832
2023-11-16;1,0854;1,0848;1,0898;1,083
2023-11-17;1,0909;1,0854;1,0921;1,0825
2023-11-20;1,0943;1,0909;1,0955;1,0898
2023-11-21;1,0913;1,0945;1,0968;1,09
2023-11-22;1,0887;1,0913;1,0926;1,0853
2023-11-23;1,0908;1,0888;1,0933;1,0885
2023-11-24;1,0941;1,0907;1,0987;1,0895
2023-11-27;1,0955;1,0941;1,0962;1,0925
2023-11-28;1,0997;1,0957;1,1012;1,0935
2023-11-29;1,0972;1,0996;1,102;1,096
2023-11-30;1,0891;1,0972;1,0987;1,088
2023-12-01;1,0884;1,0891;1,0916;1,0829
2023-12-04;1,0833;1,0888;1,0895;1,0804
2023-12-05;1,0798;1,0834;1,085;1,0778
2023-12-06;1,0769;1,0801;1,0807;1,0759
2023-12-07;1,0798;1,0768;1,082;1,0755
2023-12-08;1,0764;1,0797;1,0803;1,0724
2023-12-11;1,0766;1,0766;1,0782;1,0742
2023-12-12;1,0798;1,0767;1,0831;1,0761
2023-12-13;1,0878;1,0799;1,09;1,0773
2023-12-14;1,0987;1,0878;1,1012;1,0876
2023-12-15;1,0896;1,0995;1,1007;1,0889
2023-12-18;1,0924;1,0894;1,0934;1,0892
2023-12-19;1,0983;1,0922;1,099;1,0915
2023-12-20;1,0945;1,0984;1,0986;1,093
2023-12-21;1,1011;1,0945;1,1016;1,0935
2023-12-22;1,1012;1,1012;1,1043;1,0993
2023-12-25;1,1016;1,1018;1,1136;1,0994
2023-12-26;1,1044;1,1016;1,1049;1,0988
2023-12-27;1,1107;1,1042;1,1125;1,1029
2023-12-28;1,1064;1,1107;1,1143;1,1055
2023-12-29;1,1037;1,1066;1,1087;1,1034
2024-01-01;1,1044;1,1056;1,106;1,1036
2024-01-02;1,0944;1,1041;1,1045;1,0937
2024-01-03;1,0923;1,0943;1,0968;1,0893
2024-01-04;1,0948;1,0922;1,0975;1,0916
2024-01-05;1,0942;1,095;1,1001;1,0877
2024-01-06;1,0942;1,0942;1,0942;1,0942
2024-01-07;1,0947;1,0939;1,0967;1,0939
2024-01-08;1,0952;1,0949;1,0979;1,0923
2024-01-09;1,0929;1,0951;1,0968;1,0911
2024-01-10;1,0972;1,0925;1,0973;1,0923
2024-01-11;1,097;1,0972;1,1;1,093
2024-01-12;1,0952;1,0973;1,0987;1,0936
2024-01-15;1,095;1,0947;1,0968;1,0934
2024-01-16;1,0875;1,095;1,0953;1,0862
2024-01-17;1,0881;1,0878;1,0935;1,0845
2024-01-18;1,0875;1,0881;1,0925;1,0847
2024-01-19;1,0898;1,0875;1,0898;1,0865
2024-01-22;1,0884;1,0897;1,091;1,088
2024-01-23;1,0855;1,0882;1,0916;1,0822
2024-01-24;1,0887;1,0854;1,0933;1,0849
2024-01-25;1,0847;1,0887;1,0902;1,0822
2024-01-26;1,0853;1,0847;1,0886;1,0813
2024-01-29;1,0835;1,0843;1,0857;1,0796
2024-01-30;1,0844;1,0835;1,0857;1,0812
2024-01-31;1,0814;1,0844;1,0888;1,0795
2024-02-01;1,0872;1,081;1,0877;1,0779
2024-02-02;1,0788;1,0873;1,0898;1,0781
2024-02-05;1,0744;1,078;1,0786;1,0723
2024-02-06;1,0755;1,0744;1,0763;1,0723
2024-02-07;1,0773;1,0755;1,0784;1,0753
2024-02-08;1,0777;1,0773;1,0791;1,0742
2024-02-09;1,0783;1,0778;1,0795;1,0762
2024-02-12;1,0771;1,079;1,0806;1,0756
2024-02-13;1,071;1,0773;1,0795;1,0701
2024-02-14;1,0728;1,0711;1,0735;1,0695
2024-02-15;1,0771;1,0728;1,0785;1,0725
2024-02-16;1,0776;1,0772;1,0788;1,0732
2024-02-19;1,0779;1,0779;1,0791;1,0762
2024-02-20;1,0811;1,0778;1,0839;1,0762
2024-02-21;1,082;1,081;1,0824;1,079
2024-02-22;1,0821;1,0821;1,0888;1,0774
2024-02-23;1,0821;1,0818;1,084;1,0812
2024-02-26;1,085;1,082;1,086;1,0813
2024-02-27;1,0844;1,085;1,0866;1,0786
2024-02-28;1,0841;1,0844;1,0846;1,0777
2024-02-29;1,0807;1,084;1,0856;1,0775
2024-03-01;1,0836;1,0805;1,0844;1,0797
2024-03-04;1,0858;1,0841;1,0869;1,0838
2024-03-05;1,0857;1,0858;1,0876;1,0834
2024-03-06;1,0898;1,0856;1,0916;1,084
2024-03-07;1,0947;1,0897;1,0949;1,082
2024-03-08;1,094;1,0947;1,0981;1,0919
2024-03-11;1,0926;1,0939;1,0948;1,0915
2024-03-12;1,0929;1,0926;1,0944;1,0902
2024-03-13;1,095;1,0928;1,0964;1,092
2024-03-14;1,0884;1,0949;1,0955;1,088
2024-03-15;1,0896;1,0885;1,09;1,0873
2024-03-18;1,0872;1,0885;1,0906;1,0866
2024-03-19;1,0866;1,0873;1,0877;1,0835
2024-03-20;1,0932;1,0866;1,0932;1,0834
2024-03-21;1,0862;1,0932;1,0943;1,0854
2024-03-22;1,0807;1,0862;1,0868;1,0802
2024-03-25;1,0838;1,0807;1,0842;1,0802
2024-03-26;1,0833;1,0838;1,0864;1,0824
2024-03-27;1,0811;1,0833;1,0851;1,0811
2024-03-28;1,079;1,0811;1,0827;1,0775
2024-03-29;1,0793;1,079;1,0806;1,0768
2024-04-01;1,0744;1,0796;1,0799;1,0731
2024-04-02;1,0773;1,0744;1,0814;1,0721
2024-04-03;1,0833;1,0773;1,0837;1,0764
2024-04-04;1,0838;1,0833;1,0877;1,0832
2024-04-05;1,0837;1,0838;1,0848;1,0791
2024-04-08;1,086;1,0833;1,0864;1,0821
2024-04-09;1,0859;1,086;1,0885;1,0805
2024-04-10;1,0743;1,0859;1,0867;1,0729
2024-04-11;1,0727;1,0744;1,0757;1,0699
2024-04-12;1,0644;1,0727;1,0729;1,0623
2024-04-15;1,0625;1,064;1,0666;1,062
2024-04-16;1,0617;1,0626;1,0654;1,0601
2024-04-17;1,067;1,0617;1,068;1,0606
2024-04-18;1,0644;1,067;1,069;1,0641
2024-04-19;1,0656;1,0643;1,0678;1,0611
2024-04-22;1,0653;1,0659;1,0671;1,0624
2024-04-23;1,0703;1,0652;1,0711;1,0639
2024-04-24;1,0697;1,0703;1,0714;1,0678
2024-04-25;1,0729;1,0698;1,074;1,0678
2024-04-26;1,0694;1,0729;1,0753;1,0674
2024-04-29;1,0723;1,0699;1,0734;1,069
2024-04-30;1,0669;1,0723;1,0735;1,0664
2024-05-01;1,0713;1,067;1,0733;1,0649
2024-05-02;1,0724;1,0713;1,0735;1,0674
2024-05-03;1,0761;1,0724;1,0813;1,0724
2024-05-06;1,0771;1,0764;1,0791;1,0738
2024-05-07;1,0756;1,0771;1,0791;1,0748
2024-05-08;1,0749;1,0757;1,0758;1,0735
2024-05-09;1,0781;1,0749;1,0785;1,0724
2024-05-10;1,0772;1,0782;1,079;1,076
2024-05-13;1,0789;1,0771;1,081;1,0766
2024-05-14;1,0817;1,0789;1,0826;1,0767
2024-05-15;1,0884;1,0817;1,0887;1,0813
2024-05-16;1,0866;1,0884;1,0895;1,0854
2024-05-17;1,087;1,0865;1,0879;1,0836
2024-05-20;1,0861;1,0872;1,0885;1,0854
2024-05-21;1,0855;1,0862;1,0875;1,0832
2024-05-22;1,0824;1,0855;1,0864;1,0818
2024-05-23;1,0815;1,0824;1,0861;1,0805
2024-05-24;1,0847;1,0815;1,0858;1,0806
2024-05-27;1,0856;1,085;1,0868;1,0841
2024-05-28;1,086;1,0856;1,0889;1,0855
2024-05-29;1,0804;1,086;1,0861;1,0798
2024-05-30;1,0834;1,0805;1,0845;1,0788
2024-05-31;1,0851;1,0834;1,0882;1,0811
2024-06-03;1,0902;1,0849;1,0906;1,0828
2024-06-04;1,088;1,0897;1,0916;1,0859
2024-06-05;1,0871;1,088;1,0892;1,0854
2024-06-06;1,0891;1,087;1,0902;1,0862
2024-06-07;1,0802;1,0892;1,0902;1,0795
2024-06-10;1,0765;1,0776;1,0782;1,0733
2024-06-11;1,0743;1,0766;1,0775;1,072
2024-06-12;1,0811;1,0743;1,0852;1,0735
2024-06-13;1,0739;1,0811;1,0816;1,0733
2024-06-14;1,0703;1,0739;1,0745;1,0668
2024-06-15;1,0703;1,0703;1,0703;1,0703
2024-06-16;1,0704;1,0703;1,0708;1,067
2024-06-17;1,0732;1,0704;1,0738;1,0686
2024-06-18;1,0742;1,0732;1,0762;1,071
2024-06-19;1,0745;1,0742;1,0753;1,0725
2024-06-20;1,0705;1,0746;1,0749;1,0702
2024-06-21;1,0693;1,0705;1,0721;1,0671
2024-06-24;1,0734;1,0692;1,0747;1,0684
2024-06-25;1,0714;1,0734;1,0744;1,0691
2024-06-26;1,0679;1,0713;1,0718;1,0666
2024-06-27;1,0704;1,068;1,0727;1,0677
2024-06-28;1,0714;1,0706;1,0725;1,0682
2024-07-01;1,074;1,0735;1,0777;1,072
2024-07-02;1,0747;1,0741;1,0747;1,071
2024-07-03;1,0785;1,0746;1,0817;1,0736
2024-07-04;1,0812;1,0786;1,0814;1,0784
2024-07-05;1,0839;1,0813;1,0843;1,0801
2024-07-08;1,0826;1,0831;1,0845;1,0815
2024-07-09;1,0815;1,0825;1,0834;1,0806
2024-07-10;1,083;1,0816;1,0831;1,0811
2024-07-11;1,0866;1,083;1,09;1,083
2024-07-12;1,0907;1,0867;1,0911;1,0862
2024-07-15;1,0896;1,0888;1,0923;1,0883
2024-07-16;1,09;1,0896;1,0906;1,0872
2024-07-17;1,0939;1,09;1,0948;1,0895
2024-07-18;1,0899;1,0939;1,0941;1,0894
2024-07-19;1,0881;1,0899;1,0902;1,0876
2024-07-22;1,089;1,0887;1,0903;1,0873
2024-07-23;1,0855;1,089;1,0897;1,0844
2024-07-24;1,084;1,0855;1,0867;1,0826
2024-07-25;1,0846;1,084;1,087;1,0828
2024-07-26;1,086;1,0847;1,0868;1,0842
2024-07-29;1,0823;1,0857;1,087;1,0803
2024-07-30;1,0814;1,0823;1,0836;1,0799
2024-07-31;1,0827;1,0814;1,0849;1,0798
2024-08-01;1,0792;1,0828;1,0836;1,0778
2024-08-02;1,0911;1,0792;1,0927;1,0782
2024-08-05;1,0954;1,0912;1,1009;1,0893
2024-08-06;1,0928;1,0955;1,0963;1,0904
2024-08-07;1,0924;1,0928;1,0937;1,0906
2024-08-08;1,0917;1,0925;1,0945;1,0882
2024-08-09;1,0919;1,0917;1,0932;1,0909
2024-08-12;1,0933;1,0915;1,0939;1,091
2024-08-13;1,099;1,0934;1,1;1,0914
2024-08-14;1,1014;1,0993;1,1048;1,0986
2024-08-15;1,0972;1,1013;1,1019;1,095
2024-08-16;1,102;1,0972;1,103;1,0971
2024-08-19;1,1082;1,102;1,1086;1,1006
2024-08-20;1,1129;1,1082;1,1131;1,1072
2024-08-21;1,1148;1,1128;1,1174;1,1099
2024-08-22;1,1111;1,1147;1,1165;1,1098
2024-08-23;1,1192;1,1112;1,1201;1,1106
2024-08-26;1,1161;1,1191;1,1202;1,115
2024-08-27;1,1184;1,1161;1,1191;1,115
2024-08-28;1,112;1,1184;1,1185;1,1105
2024-08-29;1,1078;1,1121;1,114;1,1056
2024-08-30;1,1052;1,1079;1,1095;1,1043
2024-09-02;1,1071;1,1046;1,1078;1,1042
2024-09-03;1,1045;1,107;1,1073;1,1026
2024-09-04;1,1083;1,1046;1,1095;1,1039
2024-09-05;1,1109;1,1084;1,112;1,1075
2024-09-06;1,1083;1,1108;1,1155;1,1066
2024-09-08;1,1084;1,1083;1,1103;1,1078
2024-09-09;1,1039;1,1083;1,1091;1,103
2024-09-10;1,102;1,1039;1,105;1,1015
2024-09-11;1,1013;1,102;1,1055;1,1002
2024-09-12;1,1074;1,1012;1,1076;1,1006
2024-09-13;1,1077;1,1076;1,1102;1,107
2024-09-16;1,1132;1,1082;1,1138;1,1081
2024-09-17;1,1115;1,1132;1,1146;1,1111
2024-09-18;1,1116;1,1114;1,1189;1,1097
2024-09-19;1,1162;1,1117;1,1179;1,1069
2024-09-20;1,1162;1,1162;1,1182;1,1136
2024-09-21;1,1162;1,1162;1,1162;1,1162
2024-09-22;1,116;1,1168;1,117;1,1135
2024-09-23;1,1112;1,116;1,1167;1,1083
2024-09-24;1,1179;1,1112;1,1185;1,1103
2024-09-25;1,1134;1,1179;1,1214;1,1122
2024-09-26;1,1176;1,1133;1,1189;1,1126
2024-09-27;1,1166;1,1176;1,1203;1,1125
2024-09-30;1,1135;1,1168;1,1209;1,1114
2024-10-01;1,1069;1,1136;1,1144;1,1046
2024-10-02;1,1048;1,1069;1,1083;1,1033
2024-10-03;1,1033;1,1047;1,1049;1,1005
2024-10-04;1,0965;1,1033;1,104;1,0951
2024-10-07;1,0972;1,097;1,0987;1,0954
2024-10-08;1,0979;1,0972;1,0997;1,0961
2024-10-09;1,0943;1,0979;1,0981;1,0936
2024-10-10;1,0936;1,0942;1,0955;1,09
2024-10-11;1,0938;1,0936;1,0954;1,0926
2024-10-14;1,0908;1,0933;1,0937;1,0888
2024-10-15;1,0893;1,0908;1,0917;1,0882
2024-10-16;1,0864;1,0893;1,0902;1,0852
2024-10-17;1,0832;1,0865;1,0874;1,0811
2024-10-18;1,0867;1,0832;1,087;1,0825
2024-10-21;1,0816;1,087;1,0871;1,0811
2024-10-22;1,0798;1,0816;1,084;1,0793
2024-10-23;1,0783;1,0798;1,0807;1,0761
2024-10-24;1,0828;1,0783;1,0833;1,0771
2024-10-25;1,0795;1,0829;1,0839;1,0793
2024-10-28;1,0812;1,08;1,0828;1,0782
2024-10-29;1,0821;1,0811;1,0826;1,0769
2024-10-30;1,0858;1,0821;1,0871;1,0808
2024-10-31;1,0886;1,0858;1,0888;1,084
2024-11-01;1,0834;1,0886;1,0906;1,083
2024-11-04;1,0879;1,0872;1,0915;1,087
2024-11-05;1,0928;1,0879;1,0937;1,0869
2024-11-06;1,0728;1,0928;1,0937;1,0683
2024-11-07;1,0805;1,0726;1,0825;1,0713
2024-11-08;1,0716;1,0805;1,0805;1,0687
2024-11-11;1,0657;1,0712;1,0728;1,0629
2024-11-12;1,0621;1,0654;1,0663;1,0595
2024-11-13;1,0564;1,0622;1,0655;1,0555
2024-11-14;1,0532;1,0563;1,0583;1,0497
2024-11-15;1,0544;1,0531;1,0593;1,0517
2024-11-18;1,0598;1,0536;1,0607;1,053
2024-11-19;1,0595;1,0598;1,0601;1,0525
2024-11-20;1,0543;1,0592;1,061;1,0507
2024-11-21;1,0476;1,0543;1,0555;1,0458
2024-11-22;1,0417;1,0476;1,0498;1,0334
2024-11-25;1,0496;1,0481;1,053;1,0449
2024-11-26;1,0488;1,0496;1,0545;1,0425
2024-11-27;1,057;1,0487;1,0588;1,0474
2024-11-28;1,0548;1,0569;1,057;1,0528
2024-11-29;1,0578;1,0549;1,0597;1,0542
2024-12-02;1,05;1,0558;1,0558;1,0461
2024-12-03;1,0509;1,0502;1,0535;1,0481
2024-12-04;1,0513;1,0509;1,0544;1,0472
2024-12-05;1,0586;1,0512;1,059;1,0508
2024-12-06;1,0565;1,0586;1,063;1,0542
2024-12-09;1,0555;1,0566;1,0595;1,0532
2024-12-10;1,0529;1,0555;1,0573;1,0499
2024-12-11;1,0497;1,0529;1,0539;1,048
2024-12-12;1,0469;1,0498;1,0531;1,0464
2024-12-13;1,052;1,047;1,0524;1,0453
2024-12-16;1,0509;1,051;1,0525;1,0475
2024-12-17;1,0493;1,051;1,0534;1,0479
2024-12-18;1,0351;1,0494;1,0513;1,0344
2024-12-19;1,0365;1,0349;1,0422;1,0348
2024-12-20;1,0434;1,0365;1,0448;1,0343
2024-12-23;1,0405;1,0444;1,0446;1,0384
2024-12-24;1,0398;1,0405;1,0436;1,0384
2024-12-25;1,0405;1,0398;1,044;1,0389
2024-12-26;1,0424;1,0405;1,043;1,0391
2024-12-27;1,0426;1,0424;1,0444;1,0405
2024-12-30;1,0406;1,0431;1,0459;1,0372
2024-12-31;1,0354;1,0406;1,0425;1,0344
2025-01-01;1,0357;1,035;1,0396;1,035
2025-01-02;1,0267;1,0355;1,0376;1,0225
2025-01-03;1,0312;1,0264;1,0312;1,0264
2025-01-04;1,0312;1,0312;1,0312;1,0312
2025-01-05;1,0302;1,0312;1,0312;1,0296
2025-01-06;1,0389;1,0302;1,0437;1,0296
2025-01-07;1,0343;1,0389;1,0435;1,034
2025-01-08;1,0319;1,0343;1,0358;1,0273
2025-01-09;1,03;1,0317;1,0322;1,0284
2025-01-10;1,0242;1,03;1,0312;1,0213
2025-01-13;1,0272;1,0243;1,0273;1,0178
2025-01-14;1,0308;1,0272;1,0309;1,0239
2025-01-15;1,0294;1,0305;1,0355;1,0258
2025-01-16;1,0302;1,029;1,0315;1,0261
2025-01-17;1,0273;1,0301;1,0331;1,0265
2025-01-20;1,0415;1,0274;1,0434;1,0267
2025-01-21;1,0429;1,0415;1,0436;1,0342
2025-01-22;1,0412;1,0428;1,046;1,0393
2025-01-23;1,0414;1,0411;1,0438;1,0372
2025-01-24;1,0503;1,0414;1,0522;1,0412
2025-01-27;1,0492;1,0478;1,0533;1,0454
2025-01-28;1,0429;1,0489;1,049;1,0414
2025-01-29;1,0422;1,0429;1,0444;1,0382
2025-01-30;1,0387;1,0422;1,0468;1,0386
2025-01-31;1,0369;1,0387;1,0434;1,035
2025-02-03;1,0344;1,0255;1,035;1,0211
2025-02-04;1,038;1,0341;1,0388;1,0272
2025-02-05;1,0405;1,038;1,0443;1,037
2025-02-06;1,0384;1,0405;1,0408;1,0353
2025-02-07;1,033;1,0384;1,0412;1,0305
2025-02-08;1,0331;1,033;1,0331;1,033
2025-02-09;1,0295;1,0331;1,0351;1,0279
2025-02-10;1,0305;1,0295;1,0337;1,0289
2025-02-11;1,0361;1,0305;1,0381;1,0292
2025-02-12;1,0386;1,036;1,043;1,0316
2025-02-13;1,0464;1,0386;1,0474;1,0373
2025-02-14;1,0493;1,0464;1,0515;1,0445
2025-02-15;1,0492;1,0493;1,0493;1,0492
2025-02-16;1,049;1,0492;1,0494;1,0478
2025-02-17;1,0483;1,0489;1,0507;1,0467
2025-02-18;1,0449;1,0483;1,0487;1,0435
2025-02-19;1,0422;1,0449;1,0464;1,0401
2025-02-20;1,0498;1,0422;1,0504;1,0419
2025-02-21;1,046;1,0499;1,0506;1,0449
2025-02-22;1,0461;1,0461;1,0461;1,0461
2025-02-23;1,0476;1,0463;1,0499;1,045
2025-02-24;1,0468;1,0476;1,0528;1,0453
2025-02-25;1,0513;1,0468;1,0519;1,0456
2025-02-26;1,0489;1,0513;1,0529;1,0474
2025-02-27;1,0393;1,0488;1,0493;1,039
2025-02-28;1,0385;1,0393;1,042;1,036
2025-03-01;1,0381;1,0386;1,0386;1,0381
2025-03-02;1,0402;1,0376;1,0406;1,0375
2025-03-03;1,0488;1,0402;1,0504;1,0389
2025-03-04;1,062;1,0488;1,0632;1,0471
2025-03-05;1,0793;1,062;1,0797;1,0602
2025-03-06;1,0792;1,0793;1,0853;1,0766
2025-03-07;1,0835;1,0792;1,0889;1,0781
2025-03-08;1,0835;1,0835;1,0835;1,0835
2025-03-09;1,0849;1,0836;1,086;1,083
2025-03-10;1,0837;1,0843;1,0875;1,0805
2025-03-11;1,0916;1,0837;1,0947;1,0832
2025-03-12;1,0889;1,0916;1,0933;1,0876
2025-03-13;1,0854;1,089;1,0897;1,0823
2025-03-14;1,0877;1,0854;1,0912;1,0831
2025-03-15;1,0882;1,0881;1,0882;1,0881
2025-03-16;1,0885;1,0882;1,0887;1,0871
2025-03-17;1,0922;1,0884;1,093;1,0869
2025-03-18;1,0942;1,0921;1,0955;1,0893
2025-03-19;1,091;1,0942;1,0945;1,086
2025-03-20;1,0858;1,091;1,092;1,0815
2025-03-21;1,0878;1,0859;1,0878;1,0797
2025-03-22;1,0814;1,082;1,082;1,0808
2025-03-23;1,0819;1,0815;1,0831;1,0808
2025-03-24;1,0804;1,0819;1,0861;1,0782
2025-03-25;1,0788;1,0803;1,0833;1,0777
2025-03-26;1,0741;1,0788;1,0806;1,0733
2025-03-27;1,0799;1,0739;1,0824;1,0736
2025-03-28;1,0827;1,08;1,0882;1,0765
2025-03-29;1,0824;1,0827;1,0828;1,0823
2025-03-31;1,0821;1,0809;1,0823;1,0806
2025-04-01;1,0796;1,082;1,0834;1,0778
2025-04-02;1,0833;1,0823;1,0839;1,0815
2025-04-03;1,1053;1,1113;1,1116;1,1016
2025-04-04;1,0962;1,0961;1,0963;1,096
2025-04-05;1,0961;1,0961;1,0962;1,0961
2025-04-07;1,0916;1,0912;1,0925;1,091
2025-04-08;1,0959;1,0958;1,0964;1,0953
2025-04-09;1,0951;1,0978;1,0985;1,0914
2025-04-10;1,1198;1,1198;1,1201;1,1187
2025-04-11;1,1358;1,1358;1,1358;1,1358
